Vic_date,Agre_date,dateStore
2019-02-19 17:55:19.467226,2019-02-19 17:55:19.237063,2019-02-19 17:55:19.997986
2019-02-19 17:55:19.469509,2019-02-19 17:55:19.237525,2019-02-19 17:55:20.008533
2019-02-19 17:55:19.465552,2019-02-19 17:55:19.236444,2019-02-19 17:55:20.009213
2019-02-19 17:55:19.466087,2019-02-19 17:55:19.235318,2019-02-19 17:55:20.009718
2019-02-19 17:55:19.474889,2019-02-19 17:55:19.241723,2019-02-19 17:55:20.010223
2019-02-19 17:55:19.471167,2019-02-19 17:55:19.242689,2019-02-19 17:55:20.010742
2019-02-19 17:55:19.468590,2019-02-19 17:55:19.238567,2019-02-19 17:55:20.011229
2019-02-19 17:55:19.475555,2019-02-19 17:55:19.245253,2019-02-19 17:55:20.037840
2019-02-19 17:55:19.472483,2019-02-19 17:55:19.243741,2019-02-19 17:55:20.038656
2019-02-19 17:55:19.470685,2019-02-19 17:55:19.239526,2019-02-19 17:55:20.039149
2019-02-19 17:55:19.472915,2019-02-19 17:55:19.240000,2019-02-19 17:55:20.039640
2019-02-19 17:55:19.469089,2019-02-19 17:55:19.240478,2019-02-19 17:55:20.040136
2019-02-19 17:55:19.485692,2019-02-19 17:55:19.255190,2019-02-19 17:55:20.106827
2019-02-19 17:55:19.472044,2019-02-19 17:55:19.239042,2019-02-19 17:55:20.107664
2019-02-19 17:55:19.479217,2019-02-19 17:55:19.244701,2019-02-19 17:55:20.108151
2019-02-19 17:55:19.481695,2019-02-19 17:55:19.248125,2019-02-19 17:55:20.108633
2019-02-19 17:55:19.475966,2019-02-19 17:55:19.244228,2019-02-19 17:55:20.109145
2019-02-19 17:55:19.477848,2019-02-19 17:55:19.246197,2019-02-19 17:55:20.109752
2019-02-19 17:55:19.494169,2019-02-19 17:55:19.256865,2019-02-19 17:55:20.110233
2019-02-19 17:55:19.486956,2019-02-19 17:55:19.251772,2019-02-19 17:55:20.110726
2019-02-19 17:55:19.484683,2019-02-19 17:55:19.252608,2019-02-19 17:55:20.111208
2019-02-19 17:55:19.481273,2019-02-19 17:55:19.248608,2019-02-19 17:55:20.111685
2019-02-19 17:55:19.476847,2019-02-19 17:55:19.242204,2019-02-19 17:55:20.112166
2019-02-19 17:55:19.478737,2019-02-19 17:55:19.246711,2019-02-19 17:55:20.112644
2019-02-19 17:55:19.487810,2019-02-19 17:55:19.256446,2019-02-19 17:55:20.113143
2019-02-19 17:55:19.484265,2019-02-19 17:55:19.252185,2019-02-19 17:55:20.113627
2019-02-19 17:55:19.489643,2019-02-19 17:55:19.251355,2019-02-19 17:55:20.114119
2019-02-19 17:55:19.486128,2019-02-19 17:55:19.257372,2019-02-19 17:55:20.151620
2019-02-19 17:55:19.478282,2019-02-19 17:55:19.245741,2019-02-19 17:55:20.152445
2019-02-19 17:55:19.489200,2019-02-19 17:55:19.258619,2019-02-19 17:55:20.152928
2019-02-19 17:55:19.473265,2019-02-19 17:55:19.241280,2019-02-19 17:55:20.153446
2019-02-19 17:55:19.488717,2019-02-19 17:55:19.254766,2019-02-19 17:55:20.185144
2019-02-19 17:55:19.495449,2019-02-19 17:55:19.249518,2019-02-19 17:55:20.185946
2019-02-19 17:55:19.480268,2019-02-19 17:55:19.249998,2019-02-19 17:55:20.186432
2019-02-19 17:55:19.491556,2019-02-19 17:55:19.262259,2019-02-19 17:55:20.186917
2019-02-19 17:55:19.477396,2019-02-19 17:55:19.243198,2019-02-19 17:55:20.187395
2019-02-19 17:55:19.480749,2019-02-19 17:55:19.247671,2019-02-19 17:55:20.187879
2019-02-19 17:55:19.467697,2019-02-19 17:55:19.235901,2019-02-19 17:55:20.188361
2019-02-19 17:55:19.471592,2019-02-19 17:55:19.237998,2019-02-19 17:55:20.265121
2019-02-19 17:55:19.490219,2019-02-19 17:55:19.255616,2019-02-19 17:55:20.265978
2019-02-19 17:55:19.487363,2019-02-19 17:55:19.254357,2019-02-19 17:55:20.266464
2019-02-19 17:55:19.482345,2019-02-19 17:55:19.253690,2019-02-19 17:55:20.266953
2019-02-19 17:55:19.485213,2019-02-19 17:55:19.254111,2019-02-19 17:55:20.267433
2019-02-19 17:55:19.491123,2019-02-19 17:55:19.261843,2019-02-19 17:55:20.267914
2019-02-19 17:55:19.491975,2019-02-19 17:55:19.260105,2019-02-19 17:55:20.268393
2019-02-19 17:55:19.490701,2019-02-19 17:55:19.257790,2019-02-19 17:55:20.268876
2019-02-19 17:55:19.496260,2019-02-19 17:55:19.250926,2019-02-19 17:55:20.269394
2019-02-19 17:55:19.493762,2019-02-19 17:55:19.260958,2019-02-19 17:55:20.378848
2019-02-19 17:55:19.482745,2019-02-19 17:55:19.250473,2019-02-19 17:55:20.379697
2019-02-19 17:55:19.483734,2019-02-19 17:55:19.253264,2019-02-19 17:55:20.380188
2019-02-19 17:55:19.479709,2019-02-19 17:55:19.249272,2019-02-19 17:55:20.380673
2019-02-19 17:55:19.495889,2019-02-19 17:55:19.262682,2019-02-19 17:55:20.492714
2019-02-19 17:55:19.494588,2019-02-19 17:55:19.260524,2019-02-19 17:55:20.493580
2019-02-19 17:55:19.492851,2019-02-19 17:55:19.259037,2019-02-19 17:55:20.494071
2019-02-19 17:55:19.488242,2019-02-19 17:55:19.258210,2019-02-19 17:55:20.494561
2019-02-19 17:55:19.493357,2019-02-19 17:55:19.259885,2019-02-19 17:55:20.495043
2019-02-19 17:55:19.483232,2019-02-19 17:55:19.247192,2019-02-19 17:55:20.495536
2019-02-19 17:55:19.486551,2019-02-19 17:55:19.256030,2019-02-19 17:55:20.606297
2019-02-19 17:55:19.495022,2019-02-19 17:55:19.261424,2019-02-19 17:55:20.607141
2019-02-19 17:55:19.492399,2019-02-19 17:55:19.259465,2019-02-19 17:55:20.607620
2019-02-19 17:56:19.492089,2019-02-19 17:56:19.260949,2019-02-19 17:56:20.045408
2019-02-19 17:56:19.497294,2019-02-19 17:56:19.262382,2019-02-19 17:56:20.048361
2019-02-19 17:56:19.483109,2019-02-19 17:56:19.255136,2019-02-19 17:56:20.048870
2019-02-19 17:56:19.476392,2019-02-19 17:56:19.242009,2019-02-19 17:56:20.049405
2019-02-19 17:56:19.478827,2019-02-19 17:56:19.246191,2019-02-19 17:56:20.049879
2019-02-19 17:56:19.475929,2019-02-19 17:56:19.244076,2019-02-19 17:56:20.050354
2019-02-19 17:56:19.473499,2019-02-19 17:56:19.244557,2019-02-19 17:56:20.050824
2019-02-19 17:56:19.490259,2019-02-19 17:56:19.258454,2019-02-19 17:56:20.051315
2019-02-19 17:56:19.479744,2019-02-19 17:56:19.250513,2019-02-19 17:56:20.051795
2019-02-19 17:56:19.489370,2019-02-19 17:56:19.260119,2019-02-19 17:56:20.052264
2019-02-19 17:56:19.489806,2019-02-19 17:56:19.261558,2019-02-19 17:56:20.052741
2019-02-19 17:56:19.492500,2019-02-19 17:56:19.259704,2019-02-19 17:56:20.053239
2019-02-19 17:56:19.483552,2019-02-19 17:56:19.249556,2019-02-19 17:56:20.053711
2019-02-19 17:56:19.481965,2019-02-19 17:56:19.253825,2019-02-19 17:56:20.054181
2019-02-19 17:56:19.490679,2019-02-19 17:56:19.255585,2019-02-19 17:56:20.054660
2019-02-19 17:56:19.484866,2019-02-19 17:56:19.254299,2019-02-19 17:56:20.055162
2019-02-19 17:56:19.474369,2019-02-19 17:56:19.245763,2019-02-19 17:56:20.055637
2019-02-19 17:56:19.481217,2019-02-19 17:56:19.248389,2019-02-19 17:56:20.056115
2019-02-19 17:56:19.485356,2019-02-19 17:56:19.256046,2019-02-19 17:56:20.056596
2019-02-19 17:56:19.484462,2019-02-19 17:56:19.252193,2019-02-19 17:56:20.057098
2019-02-19 17:56:19.473953,2019-02-19 17:56:19.243580,2019-02-19 17:56:20.057580
2019-02-19 17:56:19.471518,2019-02-19 17:56:19.242617,2019-02-19 17:56:20.058063
2019-02-19 17:56:19.477433,2019-02-19 17:56:19.248850,2019-02-19 17:56:20.058630
2019-02-19 17:56:19.499928,2019-02-19 17:56:19.269790,2019-02-19 17:56:20.059105
2019-02-19 17:56:19.479257,2019-02-19 17:56:19.250024,2019-02-19 17:56:20.131328
2019-02-19 17:56:19.480362,2019-02-19 17:56:19.245301,2019-02-19 17:56:20.132155
2019-02-19 17:56:19.484054,2019-02-19 17:56:19.253313,2019-02-19 17:56:20.132635
2019-02-19 17:56:19.485790,2019-02-19 17:56:19.256471,2019-02-19 17:56:20.133127
2019-02-19 17:56:19.486194,2019-02-19 17:56:19.252652,2019-02-19 17:56:20.133598
2019-02-19 17:56:19.494860,2019-02-19 17:56:19.264024,2019-02-19 17:56:20.134089
2019-02-19 17:56:19.480775,2019-02-19 17:56:19.251563,2019-02-19 17:56:20.134565
2019-02-19 17:56:19.487978,2019-02-19 17:56:19.258860,2019-02-19 17:56:20.135054
2019-02-19 17:56:19.491187,2019-02-19 17:56:19.257593,2019-02-19 17:56:20.158964
2019-02-19 17:56:19.493940,2019-02-19 17:56:19.263610,2019-02-19 17:56:20.159775
2019-02-19 17:56:19.476796,2019-02-19 17:56:19.243153,2019-02-19 17:56:20.232521
2019-02-19 17:56:19.486627,2019-02-19 17:56:19.251011,2019-02-19 17:56:20.233344
2019-02-19 17:56:19.488874,2019-02-19 17:56:19.258036,2019-02-19 17:56:20.233828
2019-02-19 17:56:19.494401,2019-02-19 17:56:19.260534,2019-02-19 17:56:20.234321
2019-02-19 17:56:19.501213,2019-02-19 17:56:19.268500,2019-02-19 17:56:20.234794
2019-02-19 17:56:19.500768,2019-02-19 17:56:19.269389,2019-02-19 17:56:20.235263
2019-02-19 17:56:19.487527,2019-02-19 17:56:19.259275,2019-02-19 17:56:20.235748
2019-02-19 17:56:19.487088,2019-02-19 17:56:19.256906,2019-02-19 17:56:20.236221
2019-02-19 17:56:19.495299,2019-02-19 17:56:19.264704,2019-02-19 17:56:20.272940
2019-02-19 17:56:19.478350,2019-02-19 17:56:19.246795,2019-02-19 17:56:20.273787
2019-02-19 17:56:19.496253,2019-02-19 17:56:19.265248,2019-02-19 17:56:20.274302
2019-02-19 17:56:19.477918,2019-02-19 17:56:19.247795,2019-02-19 17:56:20.274794
2019-02-19 17:56:19.495807,2019-02-19 17:56:19.266535,2019-02-19 17:56:20.275281
2019-02-19 17:56:19.481518,2019-02-19 17:56:19.247294,2019-02-19 17:56:20.275770
2019-02-19 17:56:19.500349,2019-02-19 17:56:19.266130,2019-02-19 17:56:20.276275
2019-02-19 17:56:19.496665,2019-02-19 17:56:19.266947,2019-02-19 17:56:20.386563
2019-02-19 17:56:19.498545,2019-02-19 17:56:19.268909,2019-02-19 17:56:20.387397
2019-02-19 17:56:19.499477,2019-02-19 17:56:19.265677,2019-02-19 17:56:20.500384
2019-02-19 17:56:19.492927,2019-02-19 17:56:19.264275,2019-02-19 17:56:20.501224
2019-02-19 17:56:19.488446,2019-02-19 17:56:19.254720,2019-02-19 17:56:20.501710
2019-02-19 17:56:19.491612,2019-02-19 17:56:19.263198,2019-02-19 17:56:20.502193
2019-02-19 17:56:19.497705,2019-02-19 17:56:19.268083,2019-02-19 17:56:20.502682
2019-02-19 17:56:19.498108,2019-02-19 17:56:19.262786,2019-02-19 17:56:20.503161
2019-02-19 17:56:19.501494,2019-02-19 17:56:19.267355,2019-02-19 17:56:20.503648
2019-02-19 17:56:19.493471,2019-02-19 17:56:19.261975,2019-02-19 17:56:20.614014
2019-02-19 17:56:19.498974,2019-02-19 17:56:19.267654,2019-02-19 17:56:20.614856
2019-02-19 17:57:19.482877,2019-02-19 17:57:19.253358,2019-02-19 17:57:19.935703
2019-02-19 17:57:19.475843,2019-02-19 17:57:19.247339,2019-02-19 17:57:20.011429
2019-02-19 17:57:19.481209,2019-02-19 17:57:19.252658,2019-02-19 17:57:20.012222
2019-02-19 17:57:19.475283,2019-02-19 17:57:19.246788,2019-02-19 17:57:20.012713
2019-02-19 17:57:19.488470,2019-02-19 17:57:19.259956,2019-02-19 17:57:20.013224
2019-02-19 17:57:19.490370,2019-02-19 17:57:19.260876,2019-02-19 17:57:20.013706
2019-02-19 17:57:19.489539,2019-02-19 17:57:19.259463,2019-02-19 17:57:20.014196
2019-02-19 17:57:19.478060,2019-02-19 17:57:19.249282,2019-02-19 17:57:20.014675
2019-02-19 17:57:19.487091,2019-02-19 17:57:19.255157,2019-02-19 17:57:20.046827
2019-02-19 17:57:19.481844,2019-02-19 17:57:19.249827,2019-02-19 17:57:20.047661
2019-02-19 17:57:19.482345,2019-02-19 17:57:19.250307,2019-02-19 17:57:20.048147
2019-02-19 17:57:19.486651,2019-02-19 17:57:19.253814,2019-02-19 17:57:20.048627
2019-02-19 17:57:19.478483,2019-02-19 17:57:19.247770,2019-02-19 17:57:20.049136
2019-02-19 17:57:19.476994,2019-02-19 17:57:19.248680,2019-02-19 17:57:20.049616
2019-02-19 17:57:19.476402,2019-02-19 17:57:19.248228,2019-02-19 17:57:20.050096
2019-02-19 17:57:19.485302,2019-02-19 17:57:19.256352,2019-02-19 17:57:20.050587
2019-02-19 17:57:19.489959,2019-02-19 17:57:19.258056,2019-02-19 17:57:20.111442
2019-02-19 17:57:19.497673,2019-02-19 17:57:19.265908,2019-02-19 17:57:20.112265
2019-02-19 17:57:19.488009,2019-02-19 17:57:19.254261,2019-02-19 17:57:20.112759
2019-02-19 17:57:19.495710,2019-02-19 17:57:19.264039,2019-02-19 17:57:20.113265
2019-02-19 17:57:19.483332,2019-02-19 17:57:19.250772,2019-02-19 17:57:20.113763
2019-02-19 17:57:19.501718,2019-02-19 17:57:19.256019,2019-02-19 17:57:20.114256
2019-02-19 17:57:19.483826,2019-02-19 17:57:19.252181,2019-02-19 17:57:20.114761
2019-02-19 17:57:19.502570,2019-02-19 17:57:19.268472,2019-02-19 17:57:20.160566
2019-02-19 17:57:19.496177,2019-02-19 17:57:19.263626,2019-02-19 17:57:20.161449
2019-02-19 17:57:19.490781,2019-02-19 17:57:19.259007,2019-02-19 17:57:20.161950
2019-02-19 17:57:19.496627,2019-02-19 17:57:19.268049,2019-02-19 17:57:20.162464
2019-02-19 17:57:19.493335,2019-02-19 17:57:19.263207,2019-02-19 17:57:20.162964
2019-02-19 17:57:19.488957,2019-02-19 17:57:19.258568,2019-02-19 17:57:20.163566
2019-02-19 17:57:19.491187,2019-02-19 17:57:19.256837,2019-02-19 17:57:20.164066
2019-02-19 17:57:19.498094,2019-02-19 17:57:19.267622,2019-02-19 17:57:20.164576
2019-02-19 17:57:19.492802,2019-02-19 17:57:19.262784,2019-02-19 17:57:20.257988
2019-02-19 17:57:19.486247,2019-02-19 17:57:19.255617,2019-02-19 17:57:20.258817
2019-02-19 17:57:19.485820,2019-02-19 17:57:19.257587,2019-02-19 17:57:20.259313
2019-02-19 17:57:19.479073,2019-02-19 17:57:19.245640,2019-02-19 17:57:20.259816
2019-02-19 17:57:19.484326,2019-02-19 17:57:19.254701,2019-02-19 17:57:20.260296
2019-02-19 17:57:19.484762,2019-02-19 17:57:19.251684,2019-02-19 17:57:20.260782
2019-02-19 17:57:19.477616,2019-02-19 17:57:19.246310,2019-02-19 17:57:20.261281
2019-02-19 17:57:19.495257,2019-02-19 17:57:19.261516,2019-02-19 17:57:20.273927
2019-02-19 17:57:19.494320,2019-02-19 17:57:19.261953,2019-02-19 17:57:20.356129
2019-02-19 17:57:19.497188,2019-02-19 17:57:19.262369,2019-02-19 17:57:20.356963
2019-02-19 17:57:19.499019,2019-02-19 17:57:19.266757,2019-02-19 17:57:20.357490
2019-02-19 17:57:19.494814,2019-02-19 17:57:19.266324,2019-02-19 17:57:20.357975
2019-02-19 17:57:19.499431,2019-02-19 17:57:19.267190,2019-02-19 17:57:20.358465
2019-02-19 17:57:19.503942,2019-02-19 17:57:19.271604,2019-02-19 17:57:20.358967
2019-02-19 17:57:19.491939,2019-02-19 17:57:19.260438,2019-02-19 17:57:20.359456
2019-02-19 17:57:19.500254,2019-02-19 17:57:19.271168,2019-02-19 17:57:20.387581
2019-02-19 17:57:19.498504,2019-02-19 17:57:19.265486,2019-02-19 17:57:20.388398
2019-02-19 17:57:19.493828,2019-02-19 17:57:19.264467,2019-02-19 17:57:20.501172
2019-02-19 17:57:19.503500,2019-02-19 17:57:19.269452,2019-02-19 17:57:20.502003
2019-02-19 17:57:19.505275,2019-02-19 17:57:19.272869,2019-02-19 17:57:20.502498
2019-02-19 17:57:19.500681,2019-02-19 17:57:19.268911,2019-02-19 17:57:20.614954
2019-02-19 17:57:19.501250,2019-02-19 17:57:19.272443,2019-02-19 17:57:20.615798
2019-02-19 17:57:19.502157,2019-02-19 17:57:19.269884,2019-02-19 17:57:20.616299
2019-02-19 17:57:19.504829,2019-02-19 17:57:19.273501,2019-02-19 17:57:20.616789
2019-02-19 17:57:19.499845,2019-02-19 17:57:19.264899,2019-02-19 17:57:20.617301
2019-02-19 17:57:19.504379,2019-02-19 17:57:19.270741,2019-02-19 17:57:20.617784
2019-02-19 17:57:19.487546,2019-02-19 17:57:19.251215,2019-02-19 17:57:20.618270
2019-02-19 17:57:19.506529,2019-02-19 17:57:19.272031,2019-02-19 17:57:20.728533
2019-02-19 17:57:19.502987,2019-02-19 17:57:19.270301,2019-02-19 17:57:20.729378
2019-02-19 17:58:19.501628,2019-02-19 17:58:19.269541,2019-02-19 17:58:19.999054
2019-02-19 17:58:19.519112,2019-02-19 17:58:19.288696,2019-02-19 17:58:19.999754
2019-02-19 17:58:19.510078,2019-02-19 17:58:19.276184,2019-02-19 17:58:20.001197
2019-02-19 17:58:19.503041,2019-02-19 17:58:19.274190,2019-02-19 17:58:20.001684
2019-02-19 17:58:19.511867,2019-02-19 17:58:19.277309,2019-02-19 17:58:20.002163
2019-02-19 17:58:19.515521,2019-02-19 17:58:19.286589,2019-02-19 17:58:20.002634
2019-02-19 17:58:19.507503,2019-02-19 17:58:19.278825,2019-02-19 17:58:20.003128
2019-02-19 17:58:19.516789,2019-02-19 17:58:19.288285,2019-02-19 17:58:20.003625
2019-02-19 17:58:19.516261,2019-02-19 17:58:19.287866,2019-02-19 17:58:20.004092
2019-02-19 17:58:19.503551,2019-02-19 17:58:19.270706,2019-02-19 17:58:20.004559
2019-02-19 17:58:19.513322,2019-02-19 17:58:19.284404,2019-02-19 17:58:20.005064
2019-02-19 17:58:19.518234,2019-02-19 17:58:19.285740,2019-02-19 17:58:20.005535
2019-02-19 17:58:19.514190,2019-02-19 17:58:19.283514,2019-02-19 17:58:20.006004
2019-02-19 17:58:19.506683,2019-02-19 17:58:19.277801,2019-02-19 17:58:20.006479
2019-02-19 17:58:19.505357,2019-02-19 17:58:19.272674,2019-02-19 17:58:20.006947
2019-02-19 17:58:19.501155,2019-02-19 17:58:19.271191,2019-02-19 17:58:20.007426
2019-02-19 17:58:19.502084,2019-02-19 17:58:19.273253,2019-02-19 17:58:20.007900
2019-02-19 17:58:19.500193,2019-02-19 17:58:19.271686,2019-02-19 17:58:20.008388
2019-02-19 17:58:19.504870,2019-02-19 17:58:19.270220,2019-02-19 17:58:20.008860
2019-02-19 17:58:19.515107,2019-02-19 17:58:19.283055,2019-02-19 17:58:20.009391
2019-02-19 17:58:19.504444,2019-02-19 17:58:19.273716,2019-02-19 17:58:20.009865
2019-02-19 17:58:19.511432,2019-02-19 17:58:19.279339,2019-02-19 17:58:20.010340
2019-02-19 17:58:19.527490,2019-02-19 17:58:19.296063,2019-02-19 17:58:20.010809
2019-02-19 17:58:19.508959,2019-02-19 17:58:19.275673,2019-02-19 17:58:20.071053
2019-02-19 17:58:19.502583,2019-02-19 17:58:19.272220,2019-02-19 17:58:20.071889
2019-02-19 17:58:19.508415,2019-02-19 17:58:19.280215,2019-02-19 17:58:20.072363
2019-02-19 17:58:19.520810,2019-02-19 17:58:19.287014,2019-02-19 17:58:20.072888
2019-02-19 17:58:19.508002,2019-02-19 17:58:19.279765,2019-02-19 17:58:20.073398
2019-02-19 17:58:19.518690,2019-02-19 17:58:19.287440,2019-02-19 17:58:20.073870
2019-02-19 17:58:19.528389,2019-02-19 17:58:19.284833,2019-02-19 17:58:20.074344
2019-02-19 17:58:19.514679,2019-02-19 17:58:19.282119,2019-02-19 17:58:20.074861
2019-02-19 17:58:19.512357,2019-02-19 17:58:19.278314,2019-02-19 17:58:20.159042
2019-02-19 17:58:19.530520,2019-02-19 17:58:19.294128,2019-02-19 17:58:20.159885
2019-02-19 17:58:19.510526,2019-02-19 17:58:19.281692,2019-02-19 17:58:20.160368
2019-02-19 17:58:19.526599,2019-02-19 17:58:19.291782,2019-02-19 17:58:20.160952
2019-02-19 17:58:19.523023,2019-02-19 17:58:19.293698,2019-02-19 17:58:20.161450
2019-02-19 17:58:19.520403,2019-02-19 17:58:19.286156,2019-02-19 17:58:20.161951
2019-02-19 17:58:19.522565,2019-02-19 17:58:19.289236,2019-02-19 17:58:20.162452
2019-02-19 17:58:19.517313,2019-02-19 17:58:19.285287,2019-02-19 17:58:20.162943
2019-02-19 17:58:19.524431,2019-02-19 17:58:19.292202,2019-02-19 17:58:20.163421
2019-02-19 17:58:19.505807,2019-02-19 17:58:19.276683,2019-02-19 17:58:20.163900
2019-02-19 17:58:19.503971,2019-02-19 17:58:19.274645,2019-02-19 17:58:20.164389
2019-02-19 17:58:19.527980,2019-02-19 17:58:19.296282,2019-02-19 17:58:20.164871
2019-02-19 17:58:19.519982,2019-02-19 17:58:19.289681,2019-02-19 17:58:20.165375
2019-02-19 17:58:19.519573,2019-02-19 17:58:19.290097,2019-02-19 17:58:20.165843
2019-02-19 17:58:19.513767,2019-02-19 17:58:19.281300,2019-02-19 17:58:20.166326
2019-02-19 17:58:19.506251,2019-02-19 17:58:19.275199,2019-02-19 17:58:20.184632
2019-02-19 17:58:19.529684,2019-02-19 17:58:19.294552,2019-02-19 17:58:20.185228
2019-02-19 17:58:19.530097,2019-02-19 17:58:19.290946,2019-02-19 17:58:20.298194
2019-02-19 17:58:19.525641,2019-02-19 17:58:19.295239,2019-02-19 17:58:20.327857
2019-02-19 17:58:19.524010,2019-02-19 17:58:19.290528,2019-02-19 17:58:20.328690
2019-02-19 17:58:19.523448,2019-02-19 17:58:19.292616,2019-02-19 17:58:20.329219
2019-02-19 17:58:19.529260,2019-02-19 17:58:19.294816,2019-02-19 17:58:20.329704
2019-02-19 17:58:19.510998,2019-02-19 17:58:19.280658,2019-02-19 17:58:20.330191
2019-02-19 17:58:19.527032,2019-02-19 17:58:19.295648,2019-02-19 17:58:20.330672
2019-02-19 17:58:19.526105,2019-02-19 17:58:19.291360,2019-02-19 17:58:20.331168
2019-02-19 17:58:19.525172,2019-02-19 17:58:19.296705,2019-02-19 17:58:20.411748
2019-02-19 17:58:19.512822,2019-02-19 17:58:19.282575,2019-02-19 17:58:20.412576
2019-02-19 17:58:19.528809,2019-02-19 17:58:19.293263,2019-02-19 17:58:20.413089
2019-02-19 17:58:19.517794,2019-02-19 17:58:19.283978,2019-02-19 17:58:20.525397
2019-02-19 17:59:19.538096,2019-02-19 17:59:19.304017,2019-02-19 17:59:20.098366
2019-02-19 17:59:19.543059,2019-02-19 17:59:19.308479,2019-02-19 17:59:20.099215
2019-02-19 17:59:19.534160,2019-02-19 17:59:19.304462,2019-02-19 17:59:20.103234
2019-02-19 17:59:19.528038,2019-02-19 17:59:19.298830,2019-02-19 17:59:20.103730
2019-02-19 17:59:19.557549,2019-02-19 17:59:19.314955,2019-02-19 17:59:20.104219
2019-02-19 17:59:19.547381,2019-02-19 17:59:19.315371,2019-02-19 17:59:20.104699
2019-02-19 17:59:19.532465,2019-02-19 17:59:19.300978,2019-02-19 17:59:20.105196
2019-02-19 17:59:19.552925,2019-02-19 17:59:19.320188,2019-02-19 17:59:20.105682
2019-02-19 17:59:19.555728,2019-02-19 17:59:19.314520,2019-02-19 17:59:20.106160
2019-02-19 17:59:19.544540,2019-02-19 17:59:19.310220,2019-02-19 17:59:20.106643
2019-02-19 17:59:19.541773,2019-02-19 17:59:19.307465,2019-02-19 17:59:20.107124
2019-02-19 17:59:19.555254,2019-02-19 17:59:19.312931,2019-02-19 17:59:20.107609
2019-02-19 17:59:19.532913,2019-02-19 17:59:19.300466,2019-02-19 17:59:20.108086
2019-02-19 17:59:19.544021,2019-02-19 17:59:19.313260,2019-02-19 17:59:20.108608
2019-02-19 17:59:19.531546,2019-02-19 17:59:19.302659,2019-02-19 17:59:20.109106
2019-02-19 17:59:19.553888,2019-02-19 17:59:19.322150,2019-02-19 17:59:20.109586
2019-02-19 17:59:19.542605,2019-02-19 17:59:19.309746,2019-02-19 17:59:20.110070
2019-02-19 17:59:19.532044,2019-02-19 17:59:19.301610,2019-02-19 17:59:20.110548
2019-02-19 17:59:19.535350,2019-02-19 17:59:19.304883,2019-02-19 17:59:20.111041
2019-02-19 17:59:19.530442,2019-02-19 17:59:19.298309,2019-02-19 17:59:20.111559
2019-02-19 17:59:19.556182,2019-02-19 17:59:19.324040,2019-02-19 17:59:20.112056
2019-02-19 17:59:19.526482,2019-02-19 17:59:19.297722,2019-02-19 17:59:20.112536
2019-02-19 17:59:19.528482,2019-02-19 17:59:19.299927,2019-02-19 17:59:20.113027
2019-02-19 17:59:19.546072,2019-02-19 17:59:19.317691,2019-02-19 17:59:20.113521
2019-02-19 17:59:19.540279,2019-02-19 17:59:19.306431,2019-02-19 17:59:20.114012
2019-02-19 17:59:19.542192,2019-02-19 17:59:19.307978,2019-02-19 17:59:20.212065
2019-02-19 17:59:19.531049,2019-02-19 17:59:19.299344,2019-02-19 17:59:20.212888
2019-02-19 17:59:19.541311,2019-02-19 17:59:19.311135,2019-02-19 17:59:20.213397
2019-02-19 17:59:19.540778,2019-02-19 17:59:19.312019,2019-02-19 17:59:20.213885
2019-02-19 17:59:19.534602,2019-02-19 17:59:19.305977,2019-02-19 17:59:20.214367
2019-02-19 17:59:19.535870,2019-02-19 17:59:19.303550,2019-02-19 17:59:20.214843
2019-02-19 17:59:19.548323,2019-02-19 17:59:19.318104,2019-02-19 17:59:20.215344
2019-02-19 17:59:19.536744,2019-02-19 17:59:19.303095,2019-02-19 17:59:20.252242
2019-02-19 17:59:19.552045,2019-02-19 17:59:19.323820,2019-02-19 17:59:20.253067
2019-02-19 17:59:19.536310,2019-02-19 17:59:19.306914,2019-02-19 17:59:20.253574
2019-02-19 17:59:19.549288,2019-02-19 17:59:19.319788,2019-02-19 17:59:20.254070
2019-02-19 17:59:19.550191,2019-02-19 17:59:19.321720,2019-02-19 17:59:20.254558
2019-02-19 17:59:19.547837,2019-02-19 17:59:19.316206,2019-02-19 17:59:20.255046
2019-02-19 17:59:19.539282,2019-02-19 17:59:19.305519,2019-02-19 17:59:20.255530
2019-02-19 17:59:19.545618,2019-02-19 17:59:19.315789,2019-02-19 17:59:20.256012
2019-02-19 17:59:19.546496,2019-02-19 17:59:19.314096,2019-02-19 17:59:20.256603
2019-02-19 17:59:19.553414,2019-02-19 17:59:19.310716,2019-02-19 17:59:20.257101
2019-02-19 17:59:19.539786,2019-02-19 17:59:19.309313,2019-02-19 17:59:20.257587
2019-02-19 17:59:19.550690,2019-02-19 17:59:19.317264,2019-02-19 17:59:20.258085
2019-02-19 17:59:19.533371,2019-02-19 17:59:19.302108,2019-02-19 17:59:20.258560
2019-02-19 17:59:19.554365,2019-02-19 17:59:19.319368,2019-02-19 17:59:20.259036
2019-02-19 17:59:19.546905,2019-02-19 17:59:19.312482,2019-02-19 17:59:20.259518
2019-02-19 17:59:19.552494,2019-02-19 17:59:19.318938,2019-02-19 17:59:20.259994
2019-02-19 17:59:19.545084,2019-02-19 17:59:19.313689,2019-02-19 17:59:20.329121
2019-02-19 17:59:19.557103,2019-02-19 17:59:19.323403,2019-02-19 17:59:20.394669
2019-02-19 17:59:19.551603,2019-02-19 17:59:19.320563,2019-02-19 17:59:20.395492
2019-02-19 17:59:19.549735,2019-02-19 17:59:19.321274,2019-02-19 17:59:20.395993
2019-02-19 17:59:19.558822,2019-02-19 17:59:19.316615,2019-02-19 17:59:20.396490
2019-02-19 17:59:19.551125,2019-02-19 17:59:19.322563,2019-02-19 17:59:20.396969
2019-02-19 17:59:19.558413,2019-02-19 17:59:19.324878,2019-02-19 17:59:20.397471
2019-02-19 17:59:19.543566,2019-02-19 17:59:19.311562,2019-02-19 17:59:20.397977
2019-02-19 17:59:19.548762,2019-02-19 17:59:19.318519,2019-02-19 17:59:20.442810
2019-02-19 17:59:19.556635,2019-02-19 17:59:19.322981,2019-02-19 17:59:20.556571
2019-02-19 17:59:19.554811,2019-02-19 17:59:19.308960,2019-02-19 17:59:20.557447
2019-02-19 17:59:19.557957,2019-02-19 17:59:19.320964,2019-02-19 17:59:20.557961
2019-02-19 18:00:19.566102,2019-02-19 18:00:19.331121,2019-02-19 18:00:20.117405
2019-02-19 18:00:19.559875,2019-02-19 18:00:19.330136,2019-02-19 18:00:20.118263
2019-02-19 18:00:19.556564,2019-02-19 18:00:19.325928,2019-02-19 18:00:20.118756
2019-02-19 18:00:19.570471,2019-02-19 18:00:19.342369,2019-02-19 18:00:20.119230
2019-02-19 18:00:19.569535,2019-02-19 18:00:19.339532,2019-02-19 18:00:20.119700
2019-02-19 18:00:19.564358,2019-02-19 18:00:19.330606,2019-02-19 18:00:20.120173
2019-02-19 18:00:19.566508,2019-02-19 18:00:19.336765,2019-02-19 18:00:20.120647
2019-02-19 18:00:19.567440,2019-02-19 18:00:19.335846,2019-02-19 18:00:20.121148
2019-02-19 18:00:19.573953,2019-02-19 18:00:19.345288,2019-02-19 18:00:20.121645
2019-02-19 18:00:19.573534,2019-02-19 18:00:19.341933,2019-02-19 18:00:20.122123
2019-02-19 18:00:19.552238,2019-02-19 18:00:19.322584,2019-02-19 18:00:20.122592
2019-02-19 18:00:19.564820,2019-02-19 18:00:19.333713,2019-02-19 18:00:20.123064
2019-02-19 18:00:19.569005,2019-02-19 18:00:19.338545,2019-02-19 18:00:20.123532
2019-02-19 18:00:19.578555,2019-02-19 18:00:19.347843,2019-02-19 18:00:20.124000
2019-02-19 18:00:19.556126,2019-02-19 18:00:19.327860,2019-02-19 18:00:20.124477
2019-02-19 18:00:19.555174,2019-02-19 18:00:19.326907,2019-02-19 18:00:20.124946
2019-02-19 18:00:19.563424,2019-02-19 18:00:19.334579,2019-02-19 18:00:20.125460
2019-02-19 18:00:19.584795,2019-02-19 18:00:19.348258,2019-02-19 18:00:20.125945
2019-02-19 18:00:19.570886,2019-02-19 18:00:19.337352,2019-02-19 18:00:20.126412
2019-02-19 18:00:19.569940,2019-02-19 18:00:19.340879,2019-02-19 18:00:20.126880
2019-02-19 18:00:19.573130,2019-02-19 18:00:19.342788,2019-02-19 18:00:20.127378
2019-02-19 18:00:19.577236,2019-02-19 18:00:19.343455,2019-02-19 18:00:20.127845
2019-02-19 18:00:19.572636,2019-02-19 18:00:19.343879,2019-02-19 18:00:20.128314
2019-02-19 18:00:19.553006,2019-02-19 18:00:19.323166,2019-02-19 18:00:20.128787
2019-02-19 18:00:19.559063,2019-02-19 18:00:19.329163,2019-02-19 18:00:20.129279
2019-02-19 18:00:19.560333,2019-02-19 18:00:19.332086,2019-02-19 18:00:20.129755
2019-02-19 18:00:19.562039,2019-02-19 18:00:19.333279,2019-02-19 18:00:20.130226
2019-02-19 18:00:19.565693,2019-02-19 18:00:19.336306,2019-02-19 18:00:20.130693
2019-02-19 18:00:19.559470,2019-02-19 18:00:19.329660,2019-02-19 18:00:20.131166
2019-02-19 18:00:19.563855,2019-02-19 18:00:19.331596,2019-02-19 18:00:20.131634
2019-02-19 18:00:19.565282,2019-02-19 18:00:19.332600,2019-02-19 18:00:20.132121
2019-02-19 18:00:19.562987,2019-02-19 18:00:19.328433,2019-02-19 18:00:20.268352
2019-02-19 18:00:19.557218,2019-02-19 18:00:19.325454,2019-02-19 18:00:20.269254
2019-02-19 18:00:19.571299,2019-02-19 18:00:19.337864,2019-02-19 18:00:20.269735
2019-02-19 18:00:19.555629,2019-02-19 18:00:19.327396,2019-02-19 18:00:20.270214
2019-02-19 18:00:19.585250,2019-02-19 18:00:19.349167,2019-02-19 18:00:20.270699
2019-02-19 18:00:19.578145,2019-02-19 18:00:19.344229,2019-02-19 18:00:20.271170
2019-02-19 18:00:19.572174,2019-02-19 18:00:19.339023,2019-02-19 18:00:20.271643
2019-02-19 18:00:19.566905,2019-02-19 18:00:19.335424,2019-02-19 18:00:20.272148
2019-02-19 18:00:19.558099,2019-02-19 18:00:19.326378,2019-02-19 18:00:20.272635
2019-02-19 18:00:19.562538,2019-02-19 18:00:19.334144,2019-02-19 18:00:20.273127
2019-02-19 18:00:19.583917,2019-02-19 18:00:19.348681,2019-02-19 18:00:20.273605
2019-02-19 18:00:19.553467,2019-02-19 18:00:19.324897,2019-02-19 18:00:20.274072
2019-02-19 18:00:19.577714,2019-02-19 18:00:19.345705,2019-02-19 18:00:20.274567
2019-02-19 18:00:19.578962,2019-02-19 18:00:19.344645,2019-02-19 18:00:20.275048
2019-02-19 18:00:19.576691,2019-02-19 18:00:19.343206,2019-02-19 18:00:20.275529
2019-02-19 18:00:19.558546,2019-02-19 18:00:19.324402,2019-02-19 18:00:20.276099
2019-02-19 18:00:19.571725,2019-02-19 18:00:19.339987,2019-02-19 18:00:20.276582
2019-02-19 18:00:19.574854,2019-02-19 18:00:19.346569,2019-02-19 18:00:20.382214
2019-02-19 18:00:19.575272,2019-02-19 18:00:19.341501,2019-02-19 18:00:20.446694
2019-02-19 18:00:19.584361,2019-02-19 18:00:19.351094,2019-02-19 18:00:20.447542
2019-02-19 18:00:19.568553,2019-02-19 18:00:19.340455,2019-02-19 18:00:20.448038
2019-02-19 18:00:19.586051,2019-02-19 18:00:19.347413,2019-02-19 18:00:20.448528
2019-02-19 18:00:19.583059,2019-02-19 18:00:19.350426,2019-02-19 18:00:20.449027
2019-02-19 18:00:19.583500,2019-02-19 18:00:19.350008,2019-02-19 18:00:20.449521
2019-02-19 18:00:19.582569,2019-02-19 18:00:19.349591,2019-02-19 18:00:20.449999
2019-02-19 18:00:19.568105,2019-02-19 18:00:19.335000,2019-02-19 18:00:20.496002
2019-02-19 18:00:19.585655,2019-02-19 18:00:19.350678,2019-02-19 18:00:20.609651
2019-02-19 18:00:19.574398,2019-02-19 18:00:19.346137,2019-02-19 18:00:20.610488
2019-02-19 18:00:19.579376,2019-02-19 18:00:19.346985,2019-02-19 18:00:20.611001
2019-02-19 18:01:19.621184,2019-02-19 18:01:19.392311,2019-02-19 18:01:20.190676
2019-02-19 18:01:19.624389,2019-02-19 18:01:19.390888,2019-02-19 18:01:20.202092
2019-02-19 18:01:19.618252,2019-02-19 18:01:19.388187,2019-02-19 18:01:20.202650
2019-02-19 18:01:19.617776,2019-02-19 18:01:19.386804,2019-02-19 18:01:20.203172
2019-02-19 18:01:19.628816,2019-02-19 18:01:19.396476,2019-02-19 18:01:20.203663
2019-02-19 18:01:19.635765,2019-02-19 18:01:19.407367,2019-02-19 18:01:20.204170
2019-02-19 18:01:19.622847,2019-02-19 18:01:19.394358,2019-02-19 18:01:20.204673
2019-02-19 18:01:19.616879,2019-02-19 18:01:19.387761,2019-02-19 18:01:20.205174
2019-02-19 18:01:19.616420,2019-02-19 18:01:19.386330,2019-02-19 18:01:20.205669
2019-02-19 18:01:19.617346,2019-02-19 18:01:19.387304,2019-02-19 18:01:20.206150
2019-02-19 18:01:19.615405,2019-02-19 18:01:19.385825,2019-02-19 18:01:20.206635
2019-02-19 18:01:19.630999,2019-02-19 18:01:19.400471,2019-02-19 18:01:20.207118
2019-02-19 18:01:19.638161,2019-02-19 18:01:19.408224,2019-02-19 18:01:20.207597
2019-02-19 18:01:19.632075,2019-02-19 18:01:19.402132,2019-02-19 18:01:20.208104
2019-02-19 18:01:19.628346,2019-02-19 18:01:19.398312,2019-02-19 18:01:20.208587
2019-02-19 18:01:19.615959,2019-02-19 18:01:19.385129,2019-02-19 18:01:20.209146
2019-02-19 18:01:19.635306,2019-02-19 18:01:19.406537,2019-02-19 18:01:20.209629
2019-02-19 18:01:19.636202,2019-02-19 18:01:19.401689,2019-02-19 18:01:20.210116
2019-02-19 18:01:19.638592,2019-02-19 18:01:19.404677,2019-02-19 18:01:20.210622
2019-02-19 18:01:19.626456,2019-02-19 18:01:19.392757,2019-02-19 18:01:20.211200
2019-02-19 18:01:19.620727,2019-02-19 18:01:19.391884,2019-02-19 18:01:20.211782
2019-02-19 18:01:19.631437,2019-02-19 18:01:19.397880,2019-02-19 18:01:20.212282
2019-02-19 18:01:19.632533,2019-02-19 18:01:19.400053,2019-02-19 18:01:20.212816
2019-02-19 18:01:19.622370,2019-02-19 18:01:19.389257,2019-02-19 18:01:20.213311
2019-02-19 18:01:19.634414,2019-02-19 18:01:19.402577,2019-02-19 18:01:20.304508
2019-02-19 18:01:19.629361,2019-02-19 18:01:19.399638,2019-02-19 18:01:20.305344
2019-02-19 18:01:19.627016,2019-02-19 18:01:19.393503,2019-02-19 18:01:20.305837
2019-02-19 18:01:19.627458,2019-02-19 18:01:19.398743,2019-02-19 18:01:20.306319
2019-02-19 18:01:19.625718,2019-02-19 18:01:19.395607,2019-02-19 18:01:20.306809
2019-02-19 18:01:19.629777,2019-02-19 18:01:19.395891,2019-02-19 18:01:20.307289
2019-02-19 18:01:19.621859,2019-02-19 18:01:19.391352,2019-02-19 18:01:20.307800
2019-02-19 18:01:19.637672,2019-02-19 18:01:19.403423,2019-02-19 18:01:20.308304
2019-02-19 18:01:19.618730,2019-02-19 18:01:19.389817,2019-02-19 18:01:20.374625
2019-02-19 18:01:19.633958,2019-02-19 18:01:19.403840,2019-02-19 18:01:20.375528
2019-02-19 18:01:19.623786,2019-02-19 18:01:19.393942,2019-02-19 18:01:20.376017
2019-02-19 18:01:19.632992,2019-02-19 18:01:19.401271,2019-02-19 18:01:20.376508
2019-02-19 18:01:19.634835,2019-02-19 18:01:19.404257,2019-02-19 18:01:20.376988
2019-02-19 18:01:19.630179,2019-02-19 18:01:19.397276,2019-02-19 18:01:20.377494
2019-02-19 18:01:19.627921,2019-02-19 18:01:19.399224,2019-02-19 18:01:20.377973
2019-02-19 18:01:19.637188,2019-02-19 18:01:19.406952,2019-02-19 18:01:20.378456
2019-02-19 18:01:19.646082,2019-02-19 18:01:19.411987,2019-02-19 18:01:20.378941
2019-02-19 18:01:19.646537,2019-02-19 18:01:19.410004,2019-02-19 18:01:20.379418
2019-02-19 18:01:19.645259,2019-02-19 18:01:19.410852,2019-02-19 18:01:20.379907
2019-02-19 18:01:19.633534,2019-02-19 18:01:19.402997,2019-02-19 18:01:20.380419
2019-02-19 18:01:19.638995,2019-02-19 18:01:19.406117,2019-02-19 18:01:20.380899
2019-02-19 18:01:19.619141,2019-02-19 18:01:19.388624,2019-02-19 18:01:20.381417
2019-02-19 18:01:19.636615,2019-02-19 18:01:19.405680,2019-02-19 18:01:20.381892
2019-02-19 18:01:19.619549,2019-02-19 18:01:19.390347,2019-02-19 18:01:20.421862
2019-02-19 18:01:19.647430,2019-02-19 18:01:19.412482,2019-02-19 18:01:20.478925
2019-02-19 18:01:19.645664,2019-02-19 18:01:19.408665,2019-02-19 18:01:20.479803
2019-02-19 18:01:19.647834,2019-02-19 18:01:19.411265,2019-02-19 18:01:20.480285
2019-02-19 18:01:19.624852,2019-02-19 18:01:19.394774,2019-02-19 18:01:20.480804
2019-02-19 18:01:19.647032,2019-02-19 18:01:19.409587,2019-02-19 18:01:20.481455
2019-02-19 18:01:19.643798,2019-02-19 18:01:19.411691,2019-02-19 18:01:20.481955
2019-02-19 18:01:19.630579,2019-02-19 18:01:19.395195,2019-02-19 18:01:20.482444
2019-02-19 18:01:19.639797,2019-02-19 18:01:19.407792,2019-02-19 18:01:20.535599
2019-02-19 18:01:19.644739,2019-02-19 18:01:19.409166,2019-02-19 18:01:20.536550
2019-02-19 18:01:19.639401,2019-02-19 18:01:19.405260,2019-02-19 18:01:20.537122
2019-02-19 18:01:19.648244,2019-02-19 18:01:19.400901,2019-02-19 18:01:20.537647
2019-02-19 18:01:19.644273,2019-02-19 18:01:19.410441,2019-02-19 18:01:20.651359
2019-02-19 18:02:19.630942,2019-02-19 18:02:19.399058,2019-02-19 18:02:20.195427
2019-02-19 18:02:19.635143,2019-02-19 18:02:19.404475,2019-02-19 18:02:20.286217
2019-02-19 18:02:19.619456,2019-02-19 18:02:19.390283,2019-02-19 18:02:20.287019
2019-02-19 18:02:19.618927,2019-02-19 18:02:19.390796,2019-02-19 18:02:20.287526
2019-02-19 18:02:19.640928,2019-02-19 18:02:19.407343,2019-02-19 18:02:20.287966
2019-02-19 18:02:19.642743,2019-02-19 18:02:19.413960,2019-02-19 18:02:20.288458
2019-02-19 18:02:19.644483,2019-02-19 18:02:19.412134,2019-02-19 18:02:20.288970
2019-02-19 18:02:19.627224,2019-02-19 18:02:19.396852,2019-02-19 18:02:20.289491
2019-02-19 18:02:19.625888,2019-02-19 18:02:19.393234,2019-02-19 18:02:20.290038
2019-02-19 18:02:19.626773,2019-02-19 18:02:19.394853,2019-02-19 18:02:20.290535
2019-02-19 18:02:19.626352,2019-02-19 18:02:19.395864,2019-02-19 18:02:20.291026
2019-02-19 18:02:19.633699,2019-02-19 18:02:19.401704,2019-02-19 18:02:20.291546
2019-02-19 18:02:19.623944,2019-02-19 18:02:19.391682,2019-02-19 18:02:20.292095
2019-02-19 18:02:19.636395,2019-02-19 18:02:19.406920,2019-02-19 18:02:20.292591
2019-02-19 18:02:19.625437,2019-02-19 18:02:19.395385,2019-02-19 18:02:20.293047
2019-02-19 18:02:19.635585,2019-02-19 18:02:19.406501,2019-02-19 18:02:20.293541
2019-02-19 18:02:19.630113,2019-02-19 18:02:19.397510,2019-02-19 18:02:20.294120
2019-02-19 18:02:19.632647,2019-02-19 18:02:19.396395,2019-02-19 18:02:20.294657
2019-02-19 18:02:19.638166,2019-02-19 18:02:19.409599,2019-02-19 18:02:20.295096
2019-02-19 18:02:19.619913,2019-02-19 18:02:19.389749,2019-02-19 18:02:20.295605
2019-02-19 18:02:19.637691,2019-02-19 18:02:19.404056,2019-02-19 18:02:20.296169
2019-02-19 18:02:19.639023,2019-02-19 18:02:19.409137,2019-02-19 18:02:20.296705
2019-02-19 18:02:19.643172,2019-02-19 18:02:19.412564,2019-02-19 18:02:20.297232
2019-02-19 18:02:19.622622,2019-02-19 18:02:19.392255,2019-02-19 18:02:20.297746
2019-02-19 18:02:19.629666,2019-02-19 18:02:19.401001,2019-02-19 18:02:20.298280
2019-02-19 18:02:19.630544,2019-02-19 18:02:19.402221,2019-02-19 18:02:20.309142
2019-02-19 18:02:19.628687,2019-02-19 18:02:19.398009,2019-02-19 18:02:20.309671
2019-02-19 18:02:19.628204,2019-02-19 18:02:19.399568,2019-02-19 18:02:20.310185
2019-02-19 18:02:19.631339,2019-02-19 18:02:19.398533,2019-02-19 18:02:20.310688
2019-02-19 18:02:19.643623,2019-02-19 18:02:19.412989,2019-02-19 18:02:20.311212
2019-02-19 18:02:19.623104,2019-02-19 18:02:19.393822,2019-02-19 18:02:20.311709
2019-02-19 18:02:19.620328,2019-02-19 18:02:19.389122,2019-02-19 18:02:20.422778
2019-02-19 18:02:19.633112,2019-02-19 18:02:19.402720,2019-02-19 18:02:20.481854
2019-02-19 18:02:19.623525,2019-02-19 18:02:19.391235,2019-02-19 18:02:20.482705
2019-02-19 18:02:19.638574,2019-02-19 18:02:19.407757,2019-02-19 18:02:20.483225
2019-02-19 18:02:19.632202,2019-02-19 18:02:19.400060,2019-02-19 18:02:20.483702
2019-02-19 18:02:19.635991,2019-02-19 18:02:19.403192,2019-02-19 18:02:20.484185
2019-02-19 18:02:19.629226,2019-02-19 18:02:19.394368,2019-02-19 18:02:20.484692
2019-02-19 18:02:19.636800,2019-02-19 18:02:19.404925,2019-02-19 18:02:20.485200
2019-02-19 18:02:19.634648,2019-02-19 18:02:19.406078,2019-02-19 18:02:20.485700
2019-02-19 18:02:19.627677,2019-02-19 18:02:19.392699,2019-02-19 18:02:20.486192
2019-02-19 18:02:19.641432,2019-02-19 18:02:19.410034,2019-02-19 18:02:20.486671
2019-02-19 18:02:19.646002,2019-02-19 18:02:19.414380,2019-02-19 18:02:20.487184
2019-02-19 18:02:19.649870,2019-02-19 18:02:19.417392,2019-02-19 18:02:20.487683
2019-02-19 18:02:19.639507,2019-02-19 18:02:19.410865,2019-02-19 18:02:20.488170
2019-02-19 18:02:19.640507,2019-02-19 18:02:19.410451,2019-02-19 18:02:20.488661
2019-02-19 18:02:19.637274,2019-02-19 18:02:19.405636,2019-02-19 18:02:20.489205
2019-02-19 18:02:19.645736,2019-02-19 18:02:19.411718,2019-02-19 18:02:20.536339
2019-02-19 18:02:19.631797,2019-02-19 18:02:19.403636,2019-02-19 18:02:20.604516
2019-02-19 18:02:19.642309,2019-02-19 18:02:19.408593,2019-02-19 18:02:20.605413
2019-02-19 18:02:19.650457,2019-02-19 18:02:19.415663,2019-02-19 18:02:20.605929
2019-02-19 18:02:19.651395,2019-02-19 18:02:19.416520,2019-02-19 18:02:20.606433
2019-02-19 18:02:19.650923,2019-02-19 18:02:19.416930,2019-02-19 18:02:20.606961
2019-02-19 18:02:19.644074,2019-02-19 18:02:19.413515,2019-02-19 18:02:20.607443
2019-02-19 18:02:19.634220,2019-02-19 18:02:19.400578,2019-02-19 18:02:20.607919
2019-02-19 18:02:19.651802,2019-02-19 18:02:19.415225,2019-02-19 18:02:20.649904
2019-02-19 18:02:19.652828,2019-02-19 18:02:19.416103,2019-02-19 18:02:20.650702
2019-02-19 18:02:19.652403,2019-02-19 18:02:19.414798,2019-02-19 18:02:20.764530
2019-02-19 18:02:19.641873,2019-02-19 18:02:19.408180,2019-02-19 18:02:20.765501
2019-02-19 18:02:19.645259,2019-02-19 18:02:19.411292,2019-02-19 18:02:20.766062
2019-02-19 18:03:19.640611,2019-02-19 18:03:19.411943,2019-02-19 18:03:20.202462
2019-02-19 18:03:19.641998,2019-02-19 18:03:19.407886,2019-02-19 18:03:20.244302
2019-02-19 18:03:19.639697,2019-02-19 18:03:19.409589,2019-02-19 18:03:20.245133
2019-02-19 18:03:19.658164,2019-02-19 18:03:19.424716,2019-02-19 18:03:20.245620
2019-02-19 18:03:19.633249,2019-02-19 18:03:19.401938,2019-02-19 18:03:20.246125
2019-02-19 18:03:19.656086,2019-02-19 18:03:19.423432,2019-02-19 18:03:20.246634
2019-02-19 18:03:19.657277,2019-02-19 18:03:19.422572,2019-02-19 18:03:20.247112
2019-02-19 18:03:19.640148,2019-02-19 18:03:19.410116,2019-02-19 18:03:20.247615
2019-02-19 18:03:19.644261,2019-02-19 18:03:19.413715,2019-02-19 18:03:20.248092
2019-02-19 18:03:19.642473,2019-02-19 18:03:19.412425,2019-02-19 18:03:20.248625
2019-02-19 18:03:19.650281,2019-02-19 18:03:19.421297,2019-02-19 18:03:20.249148
2019-02-19 18:03:19.632285,2019-02-19 18:03:19.403638,2019-02-19 18:03:20.249651
2019-02-19 18:03:19.633678,2019-02-19 18:03:19.401006,2019-02-19 18:03:20.250142
2019-02-19 18:03:19.643365,2019-02-19 18:03:19.408957,2019-02-19 18:03:20.250658
2019-02-19 18:03:19.638815,2019-02-19 18:03:19.406319,2019-02-19 18:03:20.251138
2019-02-19 18:03:19.645640,2019-02-19 18:03:19.415988,2019-02-19 18:03:20.251629
2019-02-19 18:03:19.651520,2019-02-19 18:03:19.417710,2019-02-19 18:03:20.252110
2019-02-19 18:03:19.646542,2019-02-19 18:03:19.402716,2019-02-19 18:03:20.252602
2019-02-19 18:03:19.651106,2019-02-19 18:03:19.421722,2019-02-19 18:03:20.253108
2019-02-19 18:03:19.631716,2019-02-19 18:03:19.401490,2019-02-19 18:03:20.253584
2019-02-19 18:03:19.638395,2019-02-19 18:03:19.403209,2019-02-19 18:03:20.254059
2019-02-19 18:03:19.635423,2019-02-19 18:03:19.405385,2019-02-19 18:03:20.254578
2019-02-19 18:03:19.637840,2019-02-19 18:03:19.407346,2019-02-19 18:03:20.255052
2019-02-19 18:03:19.632774,2019-02-19 18:03:19.399885,2019-02-19 18:03:20.255528
2019-02-19 18:03:19.647000,2019-02-19 18:03:19.418135,2019-02-19 18:03:20.316216
2019-02-19 18:03:19.643791,2019-02-19 18:03:19.411503,2019-02-19 18:03:20.317077
2019-02-19 18:03:19.644715,2019-02-19 18:03:19.414674,2019-02-19 18:03:20.317564
2019-02-19 18:03:19.652368,2019-02-19 18:03:19.415565,2019-02-19 18:03:20.318054
2019-02-19 18:03:19.641541,2019-02-19 18:03:19.411050,2019-02-19 18:03:20.318534
2019-02-19 18:03:19.635843,2019-02-19 18:03:19.404797,2019-02-19 18:03:20.319012
2019-02-19 18:03:19.662557,2019-02-19 18:03:19.427620,2019-02-19 18:03:20.319499
2019-02-19 18:03:19.639245,2019-02-19 18:03:19.408468,2019-02-19 18:03:20.320000
2019-02-19 18:03:19.647461,2019-02-19 18:03:19.412947,2019-02-19 18:03:20.366493
2019-02-19 18:03:19.651936,2019-02-19 18:03:19.418585,2019-02-19 18:03:20.367364
2019-02-19 18:03:19.661526,2019-02-19 18:03:19.426116,2019-02-19 18:03:20.367888
2019-02-19 18:03:19.650696,2019-02-19 18:03:19.419848,2019-02-19 18:03:20.368384
2019-02-19 18:03:19.634523,2019-02-19 18:03:19.400514,2019-02-19 18:03:20.368922
2019-02-19 18:03:19.649301,2019-02-19 18:03:19.419423,2019-02-19 18:03:20.369455
2019-02-19 18:03:19.634097,2019-02-19 18:03:19.404208,2019-02-19 18:03:20.369947
2019-02-19 18:03:19.642917,2019-02-19 18:03:19.414211,2019-02-19 18:03:20.370458
2019-02-19 18:03:19.637288,2019-02-19 18:03:19.406850,2019-02-19 18:03:20.370941
2019-02-19 18:03:19.648810,2019-02-19 18:03:19.419008,2019-02-19 18:03:20.371448
2019-02-19 18:03:19.659875,2019-02-19 18:03:19.425269,2019-02-19 18:03:20.371942
2019-02-19 18:03:19.656635,2019-02-19 18:03:19.422142,2019-02-19 18:03:20.372441
2019-02-19 18:03:19.657741,2019-02-19 18:03:19.423868,2019-02-19 18:03:20.372924
2019-02-19 18:03:19.646065,2019-02-19 18:03:19.405812,2019-02-19 18:03:20.373420
2019-02-19 18:03:19.647903,2019-02-19 18:03:19.416412,2019-02-19 18:03:20.373897
2019-02-19 18:03:19.660307,2019-02-19 18:03:19.420706,2019-02-19 18:03:20.433717
2019-02-19 18:03:19.641115,2019-02-19 18:03:19.410591,2019-02-19 18:03:20.541258
2019-02-19 18:03:19.648360,2019-02-19 18:03:19.417286,2019-02-19 18:03:20.542110
2019-02-19 18:03:19.659056,2019-02-19 18:03:19.425697,2019-02-19 18:03:20.542597
2019-02-19 18:03:19.661206,2019-02-19 18:03:19.428036,2019-02-19 18:03:20.543073
2019-02-19 18:03:19.660731,2019-02-19 18:03:19.424295,2019-02-19 18:03:20.543554
2019-02-19 18:03:19.663842,2019-02-19 18:03:19.416832,2019-02-19 18:03:20.544086
2019-02-19 18:03:19.659464,2019-02-19 18:03:19.426965,2019-02-19 18:03:20.544618
2019-02-19 18:03:19.658613,2019-02-19 18:03:19.423007,2019-02-19 18:03:20.547156
2019-02-19 18:03:19.663435,2019-02-19 18:03:19.426544,2019-02-19 18:03:20.547639
2019-02-19 18:03:19.645223,2019-02-19 18:03:19.415102,2019-02-19 18:03:20.660686
2019-02-19 18:03:19.662990,2019-02-19 18:03:19.427319,2019-02-19 18:03:20.661570
2019-02-19 18:03:19.649811,2019-02-19 18:03:19.420287,2019-02-19 18:03:20.775339
2019-02-19 18:04:19.662590,2019-02-19 18:04:19.430700,2019-02-19 18:04:20.225505
2019-02-19 18:04:19.663403,2019-02-19 18:04:19.424137,2019-02-19 18:04:20.244226
2019-02-19 18:04:19.658083,2019-02-19 18:04:19.426115,2019-02-19 18:04:20.244829
2019-02-19 18:04:19.649790,2019-02-19 18:04:19.420668,2019-02-19 18:04:20.245435
2019-02-19 18:04:19.675131,2019-02-19 18:04:19.438639,2019-02-19 18:04:20.245924
2019-02-19 18:04:19.655250,2019-02-19 18:04:19.421759,2019-02-19 18:04:20.246439
2019-02-19 18:04:19.670104,2019-02-19 18:04:19.434607,2019-02-19 18:04:20.246928
2019-02-19 18:04:19.657106,2019-02-19 18:04:19.428028,2019-02-19 18:04:20.247389
2019-02-19 18:04:19.652200,2019-02-19 18:04:19.422231,2019-02-19 18:04:20.247861
2019-02-19 18:04:19.666918,2019-02-19 18:04:19.433693,2019-02-19 18:04:20.248363
2019-02-19 18:04:19.671612,2019-02-19 18:04:19.439866,2019-02-19 18:04:20.248860
2019-02-19 18:04:19.663807,2019-02-19 18:04:19.424639,2019-02-19 18:04:20.249354
2019-02-19 18:04:19.669222,2019-02-19 18:04:19.436364,2019-02-19 18:04:20.249861
2019-02-19 18:04:19.674654,2019-02-19 18:04:19.437809,2019-02-19 18:04:20.250350
2019-02-19 18:04:19.654091,2019-02-19 18:04:19.420067,2019-02-19 18:04:20.250857
2019-02-19 18:04:19.658593,2019-02-19 18:04:19.426618,2019-02-19 18:04:20.251352
2019-02-19 18:04:19.659092,2019-02-19 18:04:19.430208,2019-02-19 18:04:20.251831
2019-02-19 18:04:19.660829,2019-02-19 18:04:19.428528,2019-02-19 18:04:20.252331
2019-02-19 18:04:19.664220,2019-02-19 18:04:19.422688,2019-02-19 18:04:20.252842
2019-02-19 18:04:19.673265,2019-02-19 18:04:19.443318,2019-02-19 18:04:20.253358
2019-02-19 18:04:19.680345,2019-02-19 18:04:19.446668,2019-02-19 18:04:20.253860
2019-02-19 18:04:19.668752,2019-02-19 18:04:19.432009,2019-02-19 18:04:20.254379
2019-02-19 18:04:19.668299,2019-02-19 18:04:19.435520,2019-02-19 18:04:20.254863
2019-02-19 18:04:19.678621,2019-02-19 18:04:19.444962,2019-02-19 18:04:20.255379
2019-02-19 18:04:19.667399,2019-02-19 18:04:19.435097,2019-02-19 18:04:20.255858
2019-02-19 18:04:19.660414,2019-02-19 18:04:19.431575,2019-02-19 18:04:20.339679
2019-02-19 18:04:19.673747,2019-02-19 18:04:19.439459,2019-02-19 18:04:20.340507
2019-02-19 18:04:19.662987,2019-02-19 18:04:19.423150,2019-02-19 18:04:20.341004
2019-02-19 18:04:19.650321,2019-02-19 18:04:19.421266,2019-02-19 18:04:20.341562
2019-02-19 18:04:19.656590,2019-02-19 18:04:19.425218,2019-02-19 18:04:20.342049
2019-02-19 18:04:19.659956,2019-02-19 18:04:19.429240,2019-02-19 18:04:20.342551
2019-02-19 18:04:19.674208,2019-02-19 18:04:19.440291,2019-02-19 18:04:20.343103
2019-02-19 18:04:19.661752,2019-02-19 18:04:19.429714,2019-02-19 18:04:20.404573
2019-02-19 18:04:19.657591,2019-02-19 18:04:19.423637,2019-02-19 18:04:20.405474
2019-02-19 18:04:19.667825,2019-02-19 18:04:19.437371,2019-02-19 18:04:20.405982
2019-02-19 18:04:19.672645,2019-02-19 18:04:19.438221,2019-02-19 18:04:20.406480
2019-02-19 18:04:19.655733,2019-02-19 18:04:19.427062,2019-02-19 18:04:20.406964
2019-02-19 18:04:19.679528,2019-02-19 18:04:19.445452,2019-02-19 18:04:20.407497
2019-02-19 18:04:19.679947,2019-02-19 18:04:19.445853,2019-02-19 18:04:20.408016
2019-02-19 18:04:19.659541,2019-02-19 18:04:19.425672,2019-02-19 18:04:20.408634
2019-02-19 18:04:19.662167,2019-02-19 18:04:19.432537,2019-02-19 18:04:20.409252
2019-02-19 18:04:19.677304,2019-02-19 18:04:19.443729,2019-02-19 18:04:20.409834
2019-02-19 18:04:19.676796,2019-02-19 18:04:19.441234,2019-02-19 18:04:20.410397
2019-02-19 18:04:19.675573,2019-02-19 18:04:19.444553,2019-02-19 18:04:20.410880
2019-02-19 18:04:19.656155,2019-02-19 18:04:19.427543,2019-02-19 18:04:20.411326
2019-02-19 18:04:19.681255,2019-02-19 18:04:19.435953,2019-02-19 18:04:20.411829
2019-02-19 18:04:19.669689,2019-02-19 18:04:19.432991,2019-02-19 18:04:20.412280
2019-02-19 18:04:19.672127,2019-02-19 18:04:19.442491,2019-02-19 18:04:20.456799
2019-02-19 18:04:19.682302,2019-02-19 18:04:19.439032,2019-02-19 18:04:20.522827
2019-02-19 18:04:19.676387,2019-02-19 18:04:19.442086,2019-02-19 18:04:20.523637
2019-02-19 18:04:19.682002,2019-02-19 18:04:19.442909,2019-02-19 18:04:20.524127
2019-02-19 18:04:19.680752,2019-02-19 18:04:19.440701,2019-02-19 18:04:20.524644
2019-02-19 18:04:19.678174,2019-02-19 18:04:19.446263,2019-02-19 18:04:20.525164
2019-02-19 18:04:19.679079,2019-02-19 18:04:19.447071,2019-02-19 18:04:20.525654
2019-02-19 18:04:19.661342,2019-02-19 18:04:19.431165,2019-02-19 18:04:20.526135
2019-02-19 18:04:19.666468,2019-02-19 18:04:19.436767,2019-02-19 18:04:20.570607
2019-02-19 18:04:19.677761,2019-02-19 18:04:19.447466,2019-02-19 18:04:20.571386
2019-02-19 18:04:19.670510,2019-02-19 18:04:19.434173,2019-02-19 18:04:20.685234
2019-02-19 18:04:19.681661,2019-02-19 18:04:19.444145,2019-02-19 18:04:20.686079
2019-02-19 18:04:19.675977,2019-02-19 18:04:19.441678,2019-02-19 18:04:20.686605
